{
  "manifest": {
    "apis": {
      "custom": {
        "endpoint": {
          "uri": "arn:aws:lambda:eu-west-1:636731847605:function:e95b0946-847e-4cc1-b57a-c558b9f68df7:Release_0"
        },
        "interfaces": [],
        "locales": {},
        "regions": {
          "NA": {
            "endpoint": {
              "uri": "arn:aws:lambda:us-east-1:636731847605:function:e95b0946-847e-4cc1-b57a-c558b9f68df7:Release_0"
            }
          },
          "EU": {
            "endpoint": {
              "uri": "arn:aws:lambda:eu-west-1:636731847605:function:e95b0946-847e-4cc1-b57a-c558b9f68df7:Release_0"
            }
          },
          "FE": {
            "endpoint": {
              "uri": "arn:aws:lambda:us-west-2:636731847605:function:e95b0946-847e-4cc1-b57a-c558b9f68df7:Release_0"
            }
          }
        }
      }
    },
    "manifestVersion": "1.0",
    "publishingInformation": {
      "distributionCountries": [],
      "isAvailableWorldwide": true,
      "locales": {
        "en-GB": {
          "name": "MQTT test 1"
        }
      },
      "testingInstructions": "Sample Testing Instructions."
    }
  }
}